ID,per,age,OR,DES,Tstarta,Tstopa
2,1952.415,0,H,A,0,28
2,1980.415,28,A,C,28,31
2,1983.414,30.998,C,cens,31,46.167
8,1958.833,0,H,C,0,15.583
8,1974.414,15.581,C,M,15.583,16.583
8,1975.414,16.581,M,K,16.583,16.917
8,1975.748,16.915,K,cens,16.917,39.417
24,1967.666,0,H,C,0,15.917
24,1983.581,15.915,C,K,15.917,18.917
24,1986.581,18.915,K,cens,18.917,30.5
28,1956,0,H,M,0,22.167
28,1978.162,22.162,M,C,22.167,26.417
28,1982.414,26.414,C,K,26.417,32.75
28,1988.749,32.749,K,cens,32.75,42.25
34,1965.666,0,H,A,0,18.917
34,1984.582,18.916,A,C,18.917,26.333
34,1992,26.334,C,A,26.333,30.083
34,1995.748,30.082,A,cens,30.083,32.5
43,1950.666,0,H,K,0,19.25
43,1969.915,19.249,K,cens,19.25,47.5
52,1974.496,0,H,A,0,18.583
52,1993.085,18.589,A,cens,18.583,23.917
82,1957.329,0,H,A,0,23.667
82,1981,23.671,A,C,23.667,26.167
82,1983.496,26.167,C,M,26.167,27
82,1984.331,27.002,M,cens,27,41
96,1960,0,H,A,0,26.083
96,1986.085,26.085,A,C,26.083,26.417
96,1986.414,26.414,C,A,26.417,32.5
96,1992.497,32.497,A,C,32.5,33.917
96,1993.915,33.915,C,K,33.917,34.917
96,1994.915,34.915,K,cens,34.917,38.417
99,1971.748,0,H,A,0,18.917
99,1990.666,18.918,A,C,18.917,20.25
99,1992,20.252,C,cens,20.25,26.583
102,1972.833,0,H,A,0,17.25
102,1990.085,17.252,A,cens,17.25,25.333
113,1959.162,0,H,C,0,19.25
113,1978.414,19.252,C,M,19.25,20.333
113,1979.496,20.334,M,K,20.333,22.583
113,1981.748,22.586,K,cens,22.583,39.083
133,1975.162,0,H,K,0,16
133,1991.162,16,K,cens,16,23.083
148,1951.666,0,H,A,0,18.083
148,1969.748,18.082,A,C,18.083,24.083
148,1975.748,24.082,C,M,24.083,26.083
148,1977.748,26.082,M,K,26.083,26.417
148,1978.085,26.419,K,cens,26.417,46.75
149,1972.582,0,H,A,0,18.25
149,1990.833,18.251,A,C,18.25,24
149,1996.582,24,C,cens,24,25.75
155,1970.666,0,H,C,0,19.75
155,1990.414,19.748,C,K,19.75,20.75
155,1991.414,20.748,K,cens,20.75,27.583
167,1963.329,0,H,C,0,20.833
167,1984.164,20.835,C,K,20.833,22.583
167,1985.915,22.586,K,cens,22.583,35
175,1961.162,0,H,C,0,24.833
175,1986,24.838,C,M,24.833,28.083
175,1989.247,28.085,M,K,28.083,29.167
175,1990.329,29.167,K,cens,29.167,37
181,1951.581,0,H,A,0,25
181,1976.582,25.001,A,M,25,28
181,1979.581,28,M,K,28,28.75
181,1980.331,28.75,K,cens,28.75,46.583
185,1965.414,0,H,M,0,23.417
185,1988.833,23.42,M,K,23.417,28.583
185,1994,28.586,K,cens,28.583,32.917
197,1948.497,0,H,M,0,20.917
197,1969.414,20.916,M,K,20.917,21.667
197,1970.162,21.664,K,cens,21.667,49.917
206,1950.915,0,H,A,0,23.667
206,1974.581,23.666,A,C,23.667,25.667
206,1976.582,25.667,C,M,25.667,27.583
206,1978.496,27.581,M,cens,27.583,47.333
212,1979,0,H,cens,0,19.25
222,1967.581,0,H,C,0,22.083
222,1989.666,22.085,C,M,22.083,25
222,1992.582,25.001,M,K,25,29.083
222,1996.667,29.086,K,cens,29.083,30.833
232,1976,0,H,C,0,19.167
232,1995.162,19.162,C,A,19.167,21.333
232,1997.329,21.329,A,cens,21.333,22.333
234,1975.915,0,H,cens,0,22.5
236,1965.915,0,H,C,0,20.833
236,1986.748,20.833,C,A,20.833,21.417
236,1987.329,21.414,A,C,21.417,22
236,1987.915,22,C,M,22,22.667
236,1988.582,22.667,M,K,22.667,23
236,1988.915,23,K,cens,23,32.333
266,1955.833,0,H,M,0,18.5
266,1974.329,18.496,M,K,18.5,19.583
266,1975.414,19.581,K,cens,19.583,42.583
274,1958.496,0,H,M,0,23.667
274,1982.162,23.666,M,K,23.667,27.583
274,1986.085,27.589,K,cens,27.583,39.833
282,1977.414,0,H,cens,0,21
283,1959,0,H,M,0,21.333
283,1980.331,21.331,M,K,21.333,25.583
283,1984.582,25.582,K,cens,25.583,39.167
287,1975.085,0,H,C,0,22.667
287,1997.748,22.663,C,cens,22.667,23.167
289,1945.247,0,H,M,0,22.083
289,1967.329,22.082,M,K,22.083,23.75
289,1969,23.753,K,cens,23.75,53.167
293,1962.915,0,H,C,0,20
293,1982.915,20,C,M,20,26.25
293,1989.162,26.247,M,K,26.25,27.083
293,1990,27.085,K,cens,27.083,35.5
302,1955.329,0,H,M,0,24.167
302,1979.496,24.167,M,K,24.167,25.667
302,1981,25.671,K,cens,25.667,43.083
316,1963.915,0,H,M,0,16.167
316,1980.085,16.17,M,A,16.167,18.167
316,1982.085,18.17,A,C,18.167,20.5
316,1984.415,20.5,C,K,20.5,21
316,1984.915,21,K,cens,21,34.25
341,1966.247,0,H,C,0,19.083
341,1985.329,19.082,C,M,19.083,24.083
341,1990.329,24.082,M,K,24.083,27.25
341,1993.496,27.249,K,cens,27.25,31.917
351,1945.833,0,H,M,0,24.083
351,1969.915,24.082,M,K,24.083,27.167
351,1973,27.167,K,cens,27.167,52.333
369,1971.329,0,H,A,0,19.917
369,1991.247,19.918,A,C,19.917,22.083
369,1993.414,22.085,C,C,22.083,23.083
369,1994.414,23.085,C,M,23.083,25.083
369,1996.415,25.087,M,cens,25.083,27.083
374,1967.247,0,H,A,0,19.833
374,1987.085,19.838,A,C,19.833,20.417
374,1987.666,20.419,C,M,20.417,28.417
374,1995.666,28.419,M,K,28.417,28.833
374,1996.085,28.838,K,cens,28.833,31
418,1946.915,0,H,M,0,19.417
418,1966.329,19.414,M,K,19.417,20.917
418,1967.833,20.918,K,cens,20.917,51.417
426,1960.415,0,H,M,0,21.667
426,1982.085,21.67,M,K,21.667,24.5
426,1984.915,24.5,K,cens,24.5,38
433,1951.666,0,H,M,0,20.083
433,1971.748,20.082,M,K,20.083,20.5
433,1972.164,20.498,K,cens,20.5,46.75
451,1964.164,0,H,C,0,15.917
451,1980.085,15.921,C,A,15.917,19.167
451,1983.329,19.165,A,C,19.167,22.417
451,1986.581,22.417,C,M,22.417,23.167
451,1987.329,23.165,M,cens,23.167,34.25
458,1947.414,0,H,M,0,21.333
458,1968.749,21.335,M,K,21.333,22.5
458,1969.915,22.501,K,cens,22.5,50.917
466,1976.249,0,H,cens,0,22
469,1978.162,0,H,cens,0,20.25
491,1961.414,0,H,C,0,21.5
491,1982.915,21.501,C,M,21.5,22.917
491,1984.331,22.917,M,K,22.917,24.25
491,1985.666,24.252,K,cens,24.25,36.917
499,1948.833,0,H,A,0,20.167
499,1969,20.167,A,M,20.167,22.75
499,1971.581,22.747,M,K,22.75,25.667
499,1974.496,25.663,K,cens,25.667,49.333
501,1977.162,0,H,cens,0,21.25
512,1958.833,0,H,A,0,17.833
512,1976.667,17.834,A,M,17.833,21.083
512,1979.915,21.082,M,K,21.083,22.5
512,1981.329,22.496,K,cens,22.5,39.583
514,1956.164,0,H,A,0,17.917
514,1974.085,17.921,A,C,17.917,21.083
514,1977.247,21.083,C,M,21.083,23.5
514,1979.666,23.502,M,K,23.5,28.167
514,1984.331,28.167,K,cens,28.167,42.25
519,1954.414,0,H,M,0,21.083
519,1975.496,21.082,M,K,21.083,26.417
519,1980.833,26.42,K,cens,26.417,43.75
540,1952,0,H,M,0,18.917
540,1970.915,18.915,M,K,18.917,22.417
540,1974.414,22.414,K,cens,22.417,46.333
543,1978.915,0,H,cens,0,19.5
550,1957.414,0,H,C,0,24.333
550,1981.748,24.334,C,cens,24.333,40.75
558,1969.247,0,H,C,0,19
558,1988.249,19.002,C,A,19,20.25
558,1989.496,20.249,K,cens,20.25,29
559,1970.085,0,H,C,0,22.167
559,1992.249,22.164,C,M,22.167,24.25
559,1994.329,24.244,M,K,24.25,26.083
559,1996.164,26.079,K,cens,26.083,28.167
569,1950.414,0,H,M,0,20.333
569,1970.748,20.334,M,K,20.333,21.417
569,1971.833,21.419,K,cens,21.417,47.833
573,1969.915,0,H,A,0,21.5
573,1991.414,21.499,A,M,21.5,23.333
573,1993.247,23.332,M,K,23.333,25.417
573,1995.329,25.414,K,cens,25.417,28.25
589,1953.915,0,H,M,0,19.417
589,1973.329,19.414,M,K,19.417,22.5
589,1976.415,22.5,K,cens,22.5,44.333
597,1979,0,H,cens,0,19.417
643,1961.329,0,H,C,0,20.667
643,1982,20.671,C,M,20.667,23.5
643,1984.833,23.505,M,K,23.5,24.583
643,1985.915,24.586,K,cens,24.583,37.083
647,1961.247,0,H,C,0,17.167
647,1978.414,17.167,C,A,17.167,18.167
647,1979.414,18.167,A,C,18.167,20.083
647,1981.329,20.082,C,M,20.083,22.333
647,1983.581,22.334,M,K,22.333,28
647,1989.247,28,K,cens,28,37
661,1961.329,0,H,A,0,24.917
661,1986.247,24.918,A,C,24.917,32.083
661,1993.414,32.085,C,A,32.083,34.917
661,1996.249,34.92,A,cens,34.917,37.083
669,1971.666,0,H,C,0,24.5
669,1996.164,24.498,C,cens,24.5,26.5
670,1975.581,0,H,cens,0,22.583
672,1974.085,0,H,C,0,22.333
672,1996.415,22.33,C,cens,22.333,24.25
706,1964.331,0,H,C,0,20.25
706,1984.582,20.251,C,M,20.25,22.833
706,1987.162,22.831,M,K,22.833,26.667
706,1991,26.669,K,cens,26.667,33.917
717,1958.162,0,H,A,0,18.417
717,1976.582,18.42,A,C,18.417,20.75
717,1978.915,20.753,C,A,20.75,29.75
717,1987.915,29.753,A,M,29.75,33
717,1991.162,33,M,A,33,38.667
717,1996.833,38.672,A,cens,38.667,40.167
750,1976.497,0,H,A,0,20.083
750,1996.582,20.085,A,cens,20.083,21.75
762,1953.748,0,H,M,0,20.5
762,1974.247,20.499,M,K,20.5,22.583
762,1976.331,22.583,K,cens,22.583,44.583
773,1957.496,0,H,A,0,18.167
773,1975.666,18.17,A,C,18.167,25.167
773,1982.666,25.17,C,M,25.167,25.583
773,1983.085,25.589,M,A,25.583,33
773,1990.496,33,A,C,33,35.167
773,1992.667,35.171,C,M,35.167,35.833
773,1993.329,35.833,M,cens,35.833,40.75
775,1964.085,0,H,C,0,22.333
775,1986.414,22.329,C,M,22.333,22.5
775,1986.581,22.496,M,K,22.5,23.25
775,1987.329,23.244,K,cens,23.25,34.167
807,1978.748,0,H,cens,0,19.667
815,1958.915,0,H,K,0,29.667
815,1988.582,29.667,K,cens,29.667,39.417
823,1951.414,0,H,C,0,22.167
823,1973.581,22.167,C,M,22.167,23.5
823,1974.915,23.501,M,A,23.5,28.667
823,1980.085,28.671,A,C,28.667,29.917
823,1981.329,29.915,C,M,29.917,31.5
823,1982.915,31.501,M,K,31.5,33
823,1984.415,33.002,K,cens,33,46.917
830,1961,0,H,M,0,24.5
830,1985.496,24.496,M,K,24.5,25.75
830,1986.748,25.748,K,cens,25.75,37.25
841,1964.331,0,H,A,0,18.917
841,1983.247,18.916,A,C,18.917,21.5
841,1985.833,21.502,C,M,21.5,33.083
841,1997.414,33.083,M,K,33.083,33.333
841,1997.666,33.335,K,cens,33.333,34
849,1965.581,0,H,C,0,20.25
849,1985.833,20.252,C,M,20.25,24.083
849,1989.666,24.085,M,K,24.083,29.25
849,1994.833,29.252,K,cens,29.25,32.667
862,1978.329,0,H,cens,0,19.833
873,1974,0,H,cens,0,24.167
875,1945.162,0,H,A,0,16.5
875,1961.666,16.504,A,C,16.5,27.5
875,1972.667,27.505,C,M,27.5,29.75
875,1974.915,29.753,M,K,29.75,33.25
875,1978.414,33.252,K,cens,33.25,53.167
878,1947.748,0,H,M,0,21.917
878,1969.666,21.918,M,K,21.917,22.917
878,1970.666,22.918,K,cens,22.917,50.417
888,1973.085,0,H,C,0,17.833
888,1990.915,17.83,C,M,17.833,17.917
888,1991,17.915,M,K,17.917,18.333
888,1991.414,18.329,K,cens,18.333,25.167
906,1949.162,0,H,M,0,22.5
906,1971.666,22.504,M,K,22.5,23.333
906,1972.497,23.336,K,cens,23.333,49.167
914,1946.581,0,H,M,0,20
914,1966.581,20,M,K,20,22.583
914,1969.162,22.581,K,cens,22.583,51.667
970,1968.085,0,H,A,0,19.417
970,1987.496,19.411,A,C,19.417,21.833
970,1989.915,21.83,C,M,21.833,26.5
970,1994.581,26.496,M,K,26.5,29.25
970,1997.329,29.244,K,cens,29.25,30.25
980,1972.497,0,H,C,0,21.333
980,1993.833,21.336,C,M,21.333,24.25
980,1996.749,24.251,M,cens,24.25,25.75
985,1957,0,H,C,0,23
985,1980,23,C,M,23,23.667
985,1980.667,23.667,M,cens,23.667,41.167
988,1967.833,0,H,C,0,22.083
988,1989.915,22.082,C,M,22.083,25.5
988,1993.329,25.496,M,K,25.5,28.75
988,1996.582,28.749,K,cens,28.75,30.333
993,1951.162,0,H,M,0,21.75
993,1972.915,21.754,M,K,21.75,27.333
993,1978.496,27.334,K,cens,27.333,47.167
998,1976.331,0,H,A,0,19.417
998,1995.748,19.417,A,cens,19.417,22.083
1013,1967.748,0,H,C,0,24.833
1013,1992.582,24.834,C,M,24.833,30.25
1013,1998,30.252,M,K,30.25,30.417
1013,1998.162,30.414,K,cens,30.417,30.667
1056,1968.582,0,H,A,0,21.5
1056,1990.085,21.503,A,C,21.5,24.917
1056,1993.496,24.914,C,M,24.917,27.167
1056,1995.748,27.166,M,K,27.167,28.5
1056,1997.085,28.503,K,cens,28.5,29.583
1059,1973,0,H,cens,0,25.25
1061,1972.415,0,H,M,0,21.417
1061,1993.833,21.418,M,cens,21.417,25.75
1071,1963.581,0,H,C,0,19.833
1071,1983.414,19.833,C,K,19.833,31.75
1071,1995.329,31.748,K,cens,31.75,34.75
1092,1972.164,0,H,C,0,22.417
1092,1994.581,22.417,C,K,22.417,24.167
1092,1996.331,24.167,K,cens,24.167,26.167
1096,1958,0,H,M,0,20.667
1096,1978.666,20.666,M,K,20.667,24
1096,1982,24,K,cens,24,40.333
1111,1969.329,0,H,C,0,24.25
1111,1993.581,24.252,C,K,24.25,26.333
1111,1995.666,26.337,K,cens,26.333,28.833
1117,1979.329,0,H,cens,0,18.917
1135,1958.666,0,H,M,0,20.917
1135,1979.581,20.915,M,K,20.917,26.333
1135,1985,26.334,K,cens,26.333,39.667
1154,1970.247,0,H,A,0,22.5
1154,1992.749,22.502,A,cens,22.5,28
1167,1966,0,H,C,0,19.667
1167,1985.666,19.666,C,M,19.667,24.25
1167,1990.247,24.247,M,cens,24.25,32.167
1181,1958.581,0,H,A,0,20.083
1181,1978.666,20.085,A,C,20.083,24.833
1181,1983.414,24.833,C,A,24.833,26.583
1181,1985.162,26.581,A,C,26.583,27.083
1181,1985.666,27.085,C,M,27.083,29
1181,1987.581,29,M,K,29,30.417
1181,1989,30.419,K,cens,30.417,39.667
1187,1955.329,0,H,A,0,18.333
1187,1973.666,18.337,A,C,18.333,23
1187,1978.329,23,C,M,23,25.5
1187,1980.833,25.505,M,K,25.5,25.917
1187,1981.247,25.918,K,cens,25.917,43
1200,1961.666,0,H,A,0,18.667
1200,1980.331,18.665,A,K,18.667,23.75
1200,1985.414,23.748,K,cens,23.75,36.5
1202,1954.162,0,H,M,0,24.5
1202,1978.666,24.504,M,K,24.5,27.583
1202,1981.748,27.586,K,cens,27.583,44.167
1204,1952,0,H,C,0,22.417
1204,1974.414,22.414,C,M,22.417,24.25
1204,1976.249,24.249,M,K,24.25,28.167
1204,1980.164,28.164,K,cens,28.167,46.25
1248,1967.414,0,H,M,0,26.167
1248,1993.581,26.167,M,K,26.167,29
1248,1996.415,29.002,K,cens,29,30.917
1260,1946.833,0,H,A,0,16.833
1260,1963.666,16.833,A,M,16.833,23.083
1260,1969.915,23.082,M,K,23.083,24.667
1260,1971.496,24.663,K,cens,24.667,51.333
1281,1968.749,0,H,A,0,21.25
1281,1990,21.251,A,C,21.25,25.417
1281,1994.162,25.413,C,M,25.417,27.917
1281,1996.667,27.918,M,K,27.917,29.167
1281,1997.915,29.166,K,cens,29.167,29.417
1288,1960.833,0,H,M,0,22.25
1288,1983.085,22.252,M,K,22.25,30.833
1288,1991.666,30.832,K,cens,30.833,37.333
1299,1967.915,0,H,A,0,19.083
1299,1987,19.085,A,C,19.083,21.583
1299,1989.496,21.581,C,M,21.583,23.25
1299,1991.162,23.247,M,cens,23.25,30.25
1305,1978.496,0,H,A,0,18.167
1305,1996.667,18.171,A,cens,18.167,19.75
1323,1979.581,0,H,cens,0,18.583
1333,1967.247,0,H,A,0,17.75
1333,1985,17.753,A,C,17.75,18.333
1333,1985.581,18.334,C,A,18.333,20.167
1333,1987.414,20.167,A,C,20.167,20.75
1333,1988,20.753,C,A,20.75,24.75
1333,1992,24.753,A,cens,24.75,31.167
1343,1959.915,0,H,A,0,26.5
1343,1986.414,26.499,A,C,26.5,31
1343,1990.915,31,C,cens,31,38.333
1387,1960.164,0,H,M,0,20.75
1387,1980.915,20.751,M,K,20.75,33.917
1387,1994.085,33.921,K,cens,33.917,38.25
1409,1977.581,0,H,cens,0,20.75
1415,1948.915,0,H,M,0,20.75
1415,1969.666,20.75,M,K,20.75,21.583
1415,1970.496,21.581,K,cens,21.583,49.5
1422,1968.749,0,H,M,0,23.667
1422,1992.415,23.667,M,K,23.667,25.083
1422,1993.833,25.084,K,cens,25.083,29.417
1423,1963.915,0,H,C,0,18.5
1423,1982.414,18.499,C,A,18.5,25.417
1423,1989.329,25.414,A,C,25.417,27
1423,1990.915,27,C,A,27,31.667
1423,1995.581,31.666,A,cens,31.667,34.417
1425,1971.833,0,H,M,0,20.833
1425,1992.667,20.834,M,K,20.833,22.167
1425,1994,22.167,K,cens,22.167,26.333
1434,1945.748,0,H,M,0,25.083
1434,1970.833,25.085,M,K,25.083,26.917
1434,1972.667,26.919,K,cens,26.917,52.583
1446,1965.666,0,H,M,0,23.667
1446,1989.329,23.663,M,K,23.667,25.5
1446,1991.162,25.496,K,cens,25.5,32.75
1464,1976.497,0,H,A,0,20.5
1464,1997,20.503,A,C,20.5,21.667
1464,1998.162,21.664,C,cens,21.667,21.75
1466,1974.496,0,H,A,0,18.083
1466,1992.582,18.086,A,cens,18.083,23.75
1492,1970.581,0,H,M,0,18.333
1492,1988.915,18.334,M,A,18.333,24.75
1492,1995.329,24.748,A,cens,24.75,27.583
1496,1977.666,0,H,A,0,19.25
1496,1996.915,19.25,A,cens,19.25,20.667
1512,1966.414,0,H,A,0,19.167
1512,1985.581,19.167,A,C,19.167,22.5
1512,1988.915,22.502,C,A,22.5,30.333
1512,1996.749,30.335,A,C,30.333,31.333
1512,1997.748,31.334,C,A,31.333,31.5
1512,1997.915,31.501,A,cens,31.5,31.833
1539,1949.581,0,H,C,0,31.833
1539,1981.414,31.833,C,M,31.833,33.083
1539,1982.666,33.085,M,A,33.083,33.833
1539,1983.414,33.833,A,C,33.833,34.417
1539,1984,34.419,C,M,34.417,36.167
1539,1985.748,36.167,M,cens,36.167,48.667
1547,1961.748,0,H,C,0,21.083
1547,1982.833,21.085,C,A,21.083,23.667
1547,1985.414,23.666,A,C,23.667,26.083
1547,1987.833,26.085,C,A,26.083,28.25
1547,1990,28.252,A,cens,28.25,36.583
1561,1950.085,0,H,M,0,16.417
1561,1966.496,16.411,M,K,16.417,16.917
1561,1967,16.915,K,cens,16.917,48.25
1565,1970.581,0,H,A,0,22.667
1565,1993.247,22.666,A,C,22.667,23.083
1565,1993.666,23.085,C,cens,23.083,27.833
1579,1972.249,0,H,C,0,17.917
1579,1990.162,17.913,C,K,17.917,21.083
1579,1993.329,21.08,K,cens,21.083,26.083
1581,1974,0,H,cens,0,24.167
1583,1967.748,0,H,A,0,24.083
1583,1991.833,24.085,A,C,24.083,25.25
1583,1993,25.252,C,K,25.25,25.5
1583,1993.247,25.499,K,cens,25.5,30.417
1598,1962.748,0,H,C,0,18.667
1598,1981.414,18.666,C,M,18.667,19.583
1598,1982.329,19.581,M,K,19.583,20.583
1598,1983.329,20.581,K,cens,20.583,35.667
1613,1968.331,0,H,C,0,19.083
1613,1987.414,19.083,C,A,19.083,21.667
1613,1990,21.669,A,C,21.667,24.583
1613,1992.915,24.585,C,M,24.583,25.833
1613,1994.162,25.831,M,K,25.833,26.417
1613,1994.748,26.417,K,cens,26.417,29.917
1623,1960.582,0,H,C,0,20.083
1623,1980.667,20.085,C,M,20.083,21.583
1623,1982.162,21.58,M,K,21.583,27.75
1623,1988.331,27.749,K,cens,27.75,37.667
1645,1973.329,0,H,C,0,21.083
1645,1994.414,21.085,C,A,21.083,22.167
1645,1995.496,22.167,A,C,22.167,22.75
1645,1996.085,22.756,C,cens,22.75,25.083
1650,1946.329,0,H,M,0,22.583
1650,1968.915,22.587,M,K,22.583,24.25
1650,1970.581,24.252,K,cens,24.25,52.167
1656,1963,0,H,C,0,23.667
1656,1986.666,23.666,C,M,23.667,26.417
1656,1989.414,26.414,M,K,26.417,27.917
1656,1990.915,27.915,K,cens,27.917,35.417
1662,1958,0,H,M,0,14.417
1662,1972.415,14.415,M,A,14.417,15.833
1662,1973.833,15.833,A,C,15.833,23.417
1662,1981.414,23.414,C,K,23.417,25.417
1662,1983.414,25.414,K,cens,25.417,40.333
1663,1975.329,0,H,C,0,22.583
1663,1997.915,22.586,C,cens,22.583,23
1680,1967.915,0,H,cens,0,30.333
1692,1964.415,0,H,C,0,25.333
1692,1989.748,25.333,C,M,25.333,30.083
1692,1994.496,30.081,M,K,30.083,32.167
1692,1996.582,32.167,K,cens,32.167,34
1708,1957.496,0,H,M,0,22.917
1708,1980.415,22.919,M,cens,22.917,40.833
1709,1956.582,0,H,M,0,25.083
1709,1981.666,25.084,M,K,25.083,27.75
1709,1984.331,27.749,K,cens,27.75,41.583
1716,1953.833,0,H,M,0,24.083
1716,1977.915,24.082,M,cens,24.083,44.583
1729,1957.414,0,H,M,0,19.667
1729,1977.085,19.671,M,K,19.667,21
1729,1978.414,21,K,cens,21,41
1731,1947.833,0,H,A,0,19.583
1731,1967.414,19.581,A,C,19.583,26.583
1731,1974.414,26.581,C,M,26.583,37.083
1731,1984.915,37.082,M,A,37.083,42.583
1731,1990.414,42.581,A,C,42.583,43.583
1731,1991.414,43.581,C,A,43.583,45.667
1731,1993.496,45.663,A,cens,45.667,50.583
1735,1957.085,0,H,A,0,19.5
1735,1976.582,19.497,A,C,19.5,24.333
1735,1981.414,24.329,C,A,24.333,27.333
1735,1984.415,27.33,A,C,27.333,28.333
1735,1985.414,28.329,C,M,28.333,31.667
1735,1988.749,31.664,M,K,31.667,32.25
1735,1989.329,32.244,K,cens,32.25,41.167
1736,1979.748,0,H,cens,0,18.583
1751,1953.247,0,H,M,0,23.167
1751,1976.415,23.169,M,K,23.167,29.583
1751,1982.833,29.586,K,cens,29.583,45.167
1755,1969.247,0,H,M,0,24.083
1755,1993.329,24.082,M,K,24.083,28.333
1755,1997.581,28.334,K,cens,28.333,29.083
1768,1972.582,0,H,cens,0,25.583
1770,1948.085,0,H,M,0,21.5
1770,1969.581,21.496,M,A,21.5,26
1770,1974.085,26,A,C,26,26.167
1770,1974.247,26.162,C,A,26.167,29.083
1770,1977.162,29.077,A,C,29.083,31.5
1770,1979.581,31.496,C,M,31.5,32.083
1770,1980.164,32.079,M,K,32.083,33.5
1770,1981.581,33.496,K,cens,33.5,50.167
1775,1969.496,0,H,M,0,24.167
1775,1993.666,24.17,M,K,24.167,25.917
1775,1995.414,25.918,K,cens,25.917,28.667
1780,1967.748,0,H,M,0,22.667
1780,1990.414,22.666,M,K,22.667,29.167
1780,1996.915,29.167,K,cens,29.167,30.667
1807,1972.497,0,H,C,0,25.417
1807,1997.915,25.418,C,cens,25.417,25.917
1810,1966.915,0,H,C,0,21.75
1810,1988.667,21.752,C,cens,21.75,31.5
1825,1970.247,0,H,C,0,17.75
1825,1988,17.753,C,M,17.75,23.083
1825,1993.329,23.082,M,K,23.083,23.5
1825,1993.748,23.501,K,cens,23.5,28.083
1842,1963.329,0,H,C,0,22.25
1842,1985.581,22.252,C,M,22.25,25.917
1842,1989.247,25.918,M,K,25.917,27.833
1842,1991.162,27.833,K,cens,27.833,34.917
1855,1961.496,0,H,M,0,19.833
1855,1981.329,19.833,M,K,19.833,23.083
1855,1984.582,23.086,K,cens,23.083,36.917
1893,1975.247,0,H,cens,0,23.083
1898,1958.833,0,H,K,0,16.833
1898,1975.666,16.833,K,cens,16.833,39.417
1904,1964.415,0,H,C,0,20.917
1904,1985.329,20.913,C,A,20.917,21.5
1904,1985.915,21.5,A,C,21.5,22.917
1904,1987.329,22.913,C,M,22.917,25.167
1904,1989.581,25.166,M,K,25.167,27.917
1904,1992.331,27.915,K,cens,27.917,33.833
1906,1964.667,0,H,C,0,20.417
1906,1985.085,20.418,C,M,20.417,22
1906,1986.666,21.999,M,K,22,22.25
1906,1986.915,22.248,K,cens,22.25,33.5
1908,1967.581,0,H,M,0,26.667
1908,1994.247,26.666,M,K,26.667,29.167
1908,1996.749,29.168,K,cens,29.167,30.667
1913,1956.915,0,H,C,0,23.5
1913,1980.415,23.5,C,M,23.5,24.5
1913,1981.414,24.498,M,K,24.5,25.75
1913,1982.666,25.75,K,cens,25.75,41.417
1924,1948.667,0,H,M,0,20.167
1924,1968.833,20.167,M,K,20.167,20.667
1924,1969.329,20.662,K,cens,20.667,49.583
1961,1973.496,0,H,A,0,19.333
1961,1992.833,19.337,A,cens,19.333,24.833
1963,1964.164,0,H,C,0,17.667
1963,1981.833,17.669,C,A,17.667,21.083
1963,1985.247,21.083,A,C,21.083,32.5
1963,1996.667,32.503,C,cens,32.5,34.167
1964,1975.329,0,H,A,0,18.667
1964,1994,18.671,A,cens,18.667,23
1965,1955.162,0,H,M,0,30
1965,1985.162,30,M,K,30,31.167
1965,1986.329,31.167,K,cens,31.167,43
1988,1948.249,0,H,M,0,19.583
1988,1967.833,19.584,M,K,19.583,20.75
1988,1969,20.751,K,cens,20.75,50.167
1990,1967.247,0,H,M,0,23.417
1990,1990.666,23.419,M,K,23.417,27.583
1990,1994.833,27.586,K,cens,27.583,30.917
1991,1965.329,0,H,C,0,19.75
1991,1985.085,19.756,C,M,19.75,21.25
1991,1986.581,21.252,M,K,21.25,22.917
1991,1988.249,22.92,K,cens,22.917,32.833
1999,1973.748,0,H,A,0,20
1999,1993.748,20,A,cens,20,24.667
2000,1967.833,0,H,A,0,19.75
2000,1987.581,19.748,A,cens,19.75,30.583
2024,1960.085,0,H,C,0,23.667
2024,1983.748,23.663,C,M,23.667,26.25
2024,1986.329,26.244,M,K,26.25,29.917
2024,1990,29.915,K,cens,29.917,38.25
2029,1975.162,0,H,cens,0,23.25
2036,1951.915,0,H,A,0,18.667
2036,1970.581,18.666,A,M,18.667,33.25
2036,1985.162,33.247,M,cens,33.25,46.333
2046,1967.748,0,H,C,0,19.583
2046,1987.329,19.581,C,K,19.583,27
2046,1994.748,27,K,cens,27,30.417
2058,1956.249,0,H,M,0,19.667
2058,1975.915,19.666,M,K,19.667,24.917
2058,1981.162,24.913,K,cens,24.917,42
2080,1948.164,0,H,A,0,23.25
2080,1971.414,23.25,A,C,23.25,27.583
2080,1975.748,27.584,C,M,27.583,28.083
2080,1976.249,28.085,M,A,28.083,40
2080,1988.164,40,A,C,40,46.667
2080,1994.833,46.669,C,cens,46.667,50.25
2084,1966.329,0,H,C,0,20.75
2084,1987.085,20.756,C,M,20.75,22.917
2084,1989.247,22.918,M,K,22.917,28.667
2084,1995,28.671,K,cens,28.667,32.083
2086,1968.249,0,H,A,0,18.417
2086,1986.666,18.417,A,C,18.417,28.333
2086,1996.582,28.333,C,cens,28.333,30.083
2096,1974.162,0,H,A,0,22.417
2096,1996.582,22.42,A,cens,22.417,24.083
2108,1968.331,0,H,A,0,18.333
2108,1986.666,18.335,A,cens,18.333,30
2111,1967.162,0,H,C,0,20.833
2111,1988,20.838,C,M,20.833,24.25
2111,1991.414,24.252,M,K,24.25,28.167
2111,1995.329,28.167,K,cens,28.167,31.083
2116,1960.249,0,H,M,0,17.833
2116,1978.085,17.836,M,K,17.833,18.833
2116,1979.085,18.836,K,cens,18.833,38
2125,1947.085,0,H,M,0,21.833
2125,1968.915,21.83,M,K,21.833,23.167
2125,1970.247,23.162,K,cens,23.167,51.167
2150,1973.666,0,H,C,0,22.25
2150,1995.915,22.249,C,cens,22.25,24.667
2153,1973.581,0,H,A,0,22.25
2153,1995.833,22.252,A,C,22.25,23.167
2153,1996.749,23.168,C,A,23.167,23.333
2153,1996.915,23.334,A,cens,23.333,24.75
2157,1946.833,0,H,A,0,17.417
2157,1964.249,17.416,A,M,17.417,21.417
2157,1968.249,21.416,M,K,21.417,22.583
2157,1969.414,22.581,K,cens,22.583,51.417
2158,1953.414,0,H,M,0,19.583
2158,1973,19.586,M,K,19.583,23.333
2158,1976.749,23.335,K,cens,23.333,44.833
2181,1977.496,0,H,cens,0,20.75
2185,1978.833,0,H,cens,0,19.583
2188,1970.833,0,H,M,0,17.75
2188,1988.582,17.749,M,K,17.75,20.917
2188,1991.748,20.915,K,cens,20.917,27.333
2205,1952.497,0,H,A,0,19.083
2205,1971.581,19.084,A,M,19.083,21.417
2205,1973.915,21.418,M,K,21.417,24.333
2205,1976.833,24.336,K,cens,24.333,45.75
2215,1958.496,0,H,M,0,19.333
2215,1977.833,19.337,M,K,19.333,23.5
2215,1982,23.504,K,cens,23.5,39.917
2243,1963.666,0,H,A,0,19.083
2243,1982.748,19.082,A,M,19.083,21.333
2243,1985,21.334,M,K,21.333,24.5
2243,1988.164,24.498,K,cens,24.5,34.75
2246,1970.414,0,H,C,0,21.667
2246,1992.085,21.671,C,M,21.667,24.833
2246,1995.247,24.833,M,K,24.833,27.5
2246,1997.915,27.501,K,cens,27.5,28
2263,1960.085,0,H,A,0,20.333
2263,1980.415,20.331,A,M,20.333,22.333
2263,1982.414,22.329,M,K,22.333,28
2263,1988.085,28,K,cens,28,38.25
2265,1962.581,0,H,C,0,19
2265,1981.581,19,C,M,19,31
2265,1993.581,31,M,K,31,31.167
2265,1993.748,31.167,K,cens,31.167,35.583
2292,1958.833,0,H,C,0,26.583
2292,1985.414,26.581,C,K,26.583,30.583
2292,1989.414,30.581,K,cens,30.583,39.583
2300,1960.331,0,H,A,0,25.083
2300,1985.414,25.083,A,C,25.083,26.083
2300,1986.414,26.083,C,cens,26.083,38
2309,1965.748,0,H,M,0,21.917
2309,1987.666,21.918,M,K,21.917,23.833
2309,1989.581,23.833,K,cens,23.833,32.667
2319,1957.162,0,H,C,0,22.5
2319,1979.666,22.504,C,A,22.5,28.083
2319,1985.247,28.085,A,C,28.083,30.75
2319,1987.915,30.753,C,M,30.75,33.333
2319,1990.496,33.334,M,K,33.333,33.5
2319,1990.666,33.504,K,cens,33.5,41
2320,1962.496,0,H,A,0,24.917
2320,1987.414,24.918,A,C,24.917,25.917
2320,1988.415,25.919,C,A,25.917,30.917
2320,1993.414,30.918,A,C,30.917,32
2320,1994.496,32,C,M,32,34.167
2320,1996.667,34.171,M,cens,34.167,35.667
2321,1955.496,0,H,A,0,26.083
2321,1981.581,26.085,A,cens,26.083,42.667
2339,1954.414,0,H,A,0,20.25
2339,1974.666,20.252,A,M,20.25,22.917
2339,1977.329,22.915,M,K,22.917,26.583
2339,1981,26.586,K,cens,26.583,43.917
2352,1959,0,H,A,0,19.667
2352,1978.666,19.666,A,C,19.667,21.917
2352,1980.915,21.915,C,M,21.917,24.833
2352,1983.833,24.833,M,K,24.833,29.333
2352,1988.331,29.331,K,cens,29.333,39.25
2362,1945.666,0,H,M,0,18.917
2362,1964.582,18.916,M,K,18.917,19.333
2362,1965,19.334,K,cens,19.333,52.75
2370,1949.666,0,H,M,0,19.917
2370,1969.581,19.915,M,K,19.917,20.917
2370,1970.581,20.915,K,cens,20.917,48.667
2390,1969.247,0,H,C,0,24.833
2390,1994.085,24.838,C,K,24.833,25.417
2390,1994.666,25.419,K,cens,25.417,29.167
2408,1961.414,0,H,A,0,15.167
2408,1976.582,15.168,A,C,15.167,24.583
2408,1986,24.586,C,M,24.583,26.167
2408,1987.581,26.167,M,K,26.167,28.083
2408,1989.496,28.082,K,cens,28.083,36.75
2422,1949.581,0,H,A,0,22
2422,1971.581,22,A,C,22,26.917
2422,1976.497,26.916,C,A,26.917,29.833
2422,1979.414,29.833,A,C,29.833,31.667
2422,1981.247,31.666,C,M,31.667,35.667
2422,1985.247,35.666,M,K,35.667,37.083
2422,1986.666,37.085,K,cens,37.083,48.583
2431,1953.162,0,H,M,0,20.75
2431,1973.915,20.753,M,K,20.75,25.083
2431,1978.247,25.085,K,cens,25.083,45.25
2432,1963.915,0,H,M,0,20.5
2432,1984.415,20.5,M,K,20.5,24.5
2432,1988.415,24.5,K,cens,24.5,34.333
2444,1955.162,0,H,M,0,20.167
2444,1975.329,20.167,M,K,20.167,21.583
2444,1976.749,21.587,K,cens,21.583,43.167
2463,1961.085,0,H,A,0,18.417
2463,1979.496,18.411,A,C,18.417,19.5
2463,1980.582,19.497,C,M,19.5,21.75
2463,1982.833,21.748,M,K,21.75,24.167
2463,1985.247,24.162,K,cens,24.167,37.083
2490,1962.581,0,H,A,0,18.167
2490,1980.749,18.168,A,M,18.167,22.75
2490,1985.329,22.748,M,K,22.75,27.667
2490,1990.247,27.666,K,cens,27.667,35.667
2500,1977.496,0,H,cens,0,20.75
2507,1965.581,0,H,C,0,17.833
2507,1983.414,17.833,C,M,17.833,18.417
2507,1984,18.419,M,K,18.417,19
2507,1984.582,19.001,K,cens,19,32.75
2523,1956.582,0,H,M,0,20.333
2523,1976.915,20.333,M,K,20.333,23.167
2523,1979.748,23.166,K,cens,23.167,41.583
2554,1954.666,0,H,M,0,21.917
2554,1976.582,21.916,M,K,21.917,25.667
2554,1980.331,25.665,K,cens,25.667,43.75
2574,1961.666,0,H,M,0,18.167
2574,1979.833,18.167,M,K,18.167,22.667
2574,1984.331,22.665,K,cens,22.667,36.583
2579,1968.085,0,H,M,0,20.083
2579,1988.164,20.079,M,K,20.083,22.083
2579,1990.162,22.077,K,cens,22.083,30.167
2617,1952.164,0,H,M,0,23.917
2617,1976.085,23.921,M,C,23.917,31
2617,1983.162,30.998,C,M,31,34.25
2617,1986.414,34.25,M,cens,34.25,46.25
2620,1977.666,0,H,A,0,18.75
2620,1996.415,18.75,A,cens,18.75,20.667
2622,1955.581,0,H,A,0,16
2622,1971.581,16,A,C,16,17.833
2622,1973.414,17.833,C,A,17.833,28.5
2622,1984.085,28.504,A,K,28.5,35
2622,1990.581,35,K,cens,35,42.583
2659,1952.915,0,H,M,0,24.417
2659,1977.329,24.413,M,K,24.417,27.167
2659,1980.085,27.169,K,cens,27.167,45.25
2676,1961,0,H,M,0,19.917
2676,1980.915,19.915,M,K,19.917,24.667
2676,1985.666,24.666,K,cens,24.667,37.333
2686,1954.748,0,H,M,0,20.167
2686,1974.915,20.167,M,K,20.167,22.083
2686,1976.833,22.085,K,cens,22.083,43.667
2691,1945.915,0,H,M,0,21.667
2691,1967.581,21.666,M,K,21.667,31
2691,1976.915,31,K,cens,31,52.333
2701,1958.496,0,H,M,0,17.5
2701,1976,17.504,M,K,17.5,23.833
2701,1982.329,23.833,K,cens,23.833,39.75
2702,1959.581,0,H,C,0,19.417
2702,1979,19.419,C,M,19.417,19.833
2702,1979.414,19.833,M,K,19.833,23.917
2702,1983.496,23.915,K,cens,23.917,38.583
2727,1964.415,0,H,A,0,21.167
2727,1985.581,21.166,A,C,21.167,32.917
2727,1997.329,32.913,C,cens,32.917,33.75
2731,1956.582,0,H,C,0,22.833
2731,1979.414,22.832,C,M,22.833,25.25
2731,1981.833,25.251,M,K,25.25,29.25
2731,1985.833,29.251,K,cens,29.25,41.75
2738,1962.581,0,H,A,0,18
2738,1980.582,18.001,A,C,18,27.5
2738,1990.085,27.504,C,M,27.5,29.083
2738,1991.666,29.085,M,K,29.083,30.583
2738,1993.162,30.581,K,cens,30.583,35.583
2759,1954.748,0,H,M,0,22.583
2759,1977.329,22.581,M,A,22.583,26.917
2759,1981.666,26.918,A,C,26.917,31.5
2759,1986.247,31.499,C,M,31.5,33.667
2759,1988.415,33.667,M,K,33.667,35.083
2759,1989.833,35.085,K,cens,35.083,43.583
2765,1962.833,0,H,M,0,21.417
2765,1984.249,21.416,M,K,21.417,22.75
2765,1985.581,22.748,K,cens,22.75,35.583
2767,1955.833,0,H,M,0,20.917
2767,1976.749,20.916,M,K,20.917,31.167
2767,1987,31.167,K,cens,31.167,42.5
2769,1966.162,0,H,M,0,27.25
2769,1993.414,27.252,M,K,27.25,31.25
2769,1997.414,31.252,K,cens,31.25,32.25
2774,1959.666,0,H,C,0,22.667
2774,1982.329,22.663,C,M,22.667,29.75
2774,1989.414,29.748,M,K,29.75,34
2774,1993.666,34,K,cens,34,38.667
2787,1960,0,H,M,0,22.667
2787,1982.666,22.666,M,K,22.667,25.333
2787,1985.329,25.329,K,cens,25.333,38.333
2788,1976.331,0,H,C,0,21.083
2788,1997.414,21.083,C,cens,21.083,22.083
2798,1955.915,0,H,M,0,23.917
2798,1979.833,23.918,M,K,23.917,28.083
2798,1984,28.085,K,cens,28.083,42.5
2806,1969.496,0,H,C,0,19.667
2806,1989.162,19.666,C,M,19.667,21.917
2806,1991.414,21.918,M,K,21.917,23.5
2806,1993,23.504,K,cens,23.5,28.917
2816,1945.247,0,H,M,0,21.25
2816,1966.496,21.249,M,K,21.25,23.417
2816,1968.667,23.42,K,cens,23.417,53.167
2820,1949.085,0,H,M,0,22.75
2820,1971.833,22.748,M,K,22.75,26.083
2820,1975.162,26.077,K,cens,26.083,49.25
2826,1970.329,0,H,cens,0,27.917
2831,1979.666,0,H,cens,0,18.667
2833,1951.329,0,H,M,0,20.583
2833,1971.915,20.586,M,K,20.583,22.333
2833,1973.666,22.337,K,cens,22.333,47.167
2863,1968,0,H,M,0,21.833
2863,1989.833,21.833,M,K,21.833,23.25
2863,1991.247,23.247,K,cens,23.25,30.167
2874,1955.085,0,H,M,0,31.417
2874,1986.496,31.411,M,K,31.417,33.583
2874,1988.667,33.582,K,cens,33.583,43.333
2883,1946.581,0,H,A,0,26.417
2883,1973,26.419,A,C,26.417,27.5
2883,1974.085,27.504,C,M,27.5,27.75
2883,1974.329,27.748,M,K,27.75,31
2883,1977.581,31,K,cens,31,51.833
2886,1977.748,0,H,cens,0,20.667
2892,1965.414,0,H,C,0,22.917
2892,1988.331,22.917,C,K,22.917,27.75
2892,1993.162,27.748,K,cens,27.75,33
2894,1950.748,0,H,M,0,20.75
2894,1971.496,20.748,M,K,20.75,21.083
2894,1971.833,21.085,K,cens,21.083,47.583
2897,1957.247,0,H,M,0,22.667
2897,1979.915,22.668,M,K,22.667,26.333
2897,1983.581,26.334,K,cens,26.333,41.083
2906,1946.748,0,H,M,0,23.167
2906,1969.915,23.167,M,K,23.167,26.333
2906,1973.085,26.337,K,cens,26.333,51.667
2923,1955.915,0,H,M,0,19
2923,1974.915,19,M,K,19,22.5
2923,1978.414,22.499,K,cens,22.5,42.25
2936,1946.162,0,H,M,0,20.083
2936,1966.247,20.085,M,K,20.083,20.833
2936,1967,20.838,K,cens,20.833,52.167
2952,1971.748,0,H,A,0,19.833
2952,1991.581,19.833,A,C,19.833,23.25
2952,1995,23.252,C,cens,23.25,26.417
2964,1976.667,0,H,cens,0,21.583
2970,1954.329,0,H,M,0,21.25
2970,1975.581,21.252,M,K,21.25,22.75
2970,1977.085,22.756,K,cens,22.75,44.167
2988,1960.667,0,H,A,0,18.75
2988,1979.414,18.747,A,C,18.75,26.583
2988,1987.247,26.58,C,A,26.583,31.583
2988,1992.249,31.582,A,cens,31.583,37.583
2990,1960.497,0,H,M,0,22.167
2990,1982.666,22.168,M,K,22.167,27.5
2990,1988,27.503,K,cens,27.5,37.833
3001,1969,0,H,A,0,20.5
3001,1989.496,20.496,A,M,20.5,29
3001,1998,29,M,cens,29,29.417
3028,1962.414,0,H,M,0,21.333
3028,1983.748,21.334,M,K,21.333,22.75
3028,1985.162,22.748,K,cens,22.75,36
3037,1966.085,0,H,M,0,26.333
3037,1992.415,26.33,M,K,26.333,28.25
3037,1994.329,28.244,K,cens,28.25,32.083
3052,1958.162,0,H,M,0,19.5
3052,1977.666,19.504,M,K,19.5,23.167
3052,1981.329,23.167,K,cens,23.167,40.25
3069,1958.581,0,H,A,0,18.083
3069,1976.667,18.086,A,M,18.083,21.25
3069,1979.833,21.252,M,K,21.25,22.583
3069,1981.162,22.581,K,cens,22.583,39.583
3077,1962.666,0,H,A,0,20.75
3077,1983.414,20.748,A,C,20.75,22
3077,1984.667,22.001,C,M,22,29.083
3077,1991.748,29.082,M,K,29.083,29.583
3077,1992.249,29.583,K,cens,29.583,35.5
3079,1978.915,0,H,C,0,19.25
3079,1998.162,19.247,C,cens,19.25,19.417
3101,1950.162,0,H,M,0,22.5
3101,1972.667,22.505,M,K,22.5,23.667
3101,1973.833,23.671,K,cens,23.667,48.167
3105,1949,0,H,A,0,23.417
3105,1972.415,23.415,A,M,23.417,26
3105,1975,26,M,K,26,30
3105,1979,30,K,cens,30,49.167
3106,1978.833,0,H,cens,0,19.5
3123,1954.247,0,H,M,0,16.583
3123,1970.833,16.586,M,K,16.583,17.083
3123,1971.329,17.082,K,cens,17.083,44.167
3154,1960.249,0,H,M,0,21.917
3154,1982.162,21.913,M,cens,21.917,37.917
3173,1959.414,0,H,A,0,18.167
3173,1977.581,18.167,A,C,18.167,24
3173,1983.414,24,C,M,24,29.167
3173,1988.582,29.168,M,K,29.167,30.083
3173,1989.496,30.082,K,cens,30.083,39
3178,1955.915,0,H,A,0,19.5
3178,1975.414,19.499,A,C,19.5,21.167
3178,1977.085,21.17,C,M,21.167,27
3178,1982.915,27,M,K,27,30.667
3178,1986.581,30.666,K,cens,30.667,42.417
3183,1962,0,H,M,0,25.333
3183,1987.329,25.329,M,K,25.333,29.333
3183,1991.329,29.329,K,cens,29.333,36.25
3204,1962.915,0,H,A,0,18.75
3204,1981.666,18.751,A,C,18.75,22.167
3204,1985.085,22.17,C,A,22.167,22.75
3204,1985.666,22.751,A,C,22.75,28.75
3204,1991.666,28.751,C,M,28.75,30.833
3204,1993.748,30.833,M,K,30.833,34.583
3204,1997.496,34.581,K,cens,34.583,35.417
3211,1968.164,0,H,A,0,17.833
3211,1986,17.836,A,cens,17.833,30.25
3216,1966.666,0,H,A,0,20.75
3216,1987.414,20.748,A,C,20.75,21.833
3216,1988.497,21.832,C,M,21.833,26
3216,1992.667,26.001,M,K,26,27.75
3216,1994.414,27.748,K,cens,27.75,31.5
3224,1952.667,0,H,A,0,18
3224,1970.666,17.999,A,M,18,21.5
3224,1974.162,21.495,M,K,21.5,23.75
3224,1976.415,23.749,K,cens,23.75,45.667
3230,1949.666,0,H,A,0,25.75
3230,1975.414,25.748,A,M,25.75,30.25
3230,1979.915,30.249,M,cens,30.25,48.5
3231,1956.497,0,H,M,0,21.417
3231,1977.915,21.418,M,K,21.417,23.5
3231,1980,23.503,K,cens,23.5,41.667
3259,1960.667,0,H,A,0,20.917
3259,1981.581,20.914,A,C,20.917,32.583
3259,1993.247,32.58,C,M,32.583,34.833
3259,1995.496,34.829,M,cens,34.833,37.75
3269,1973.329,0,H,A,0,25.083
3269,1998.414,25.085,A,cens,25.083,25.167
3274,1965,0,H,M,0,23.333
3274,1988.331,23.331,M,K,23.333,29.5
3274,1994.496,29.496,K,cens,29.5,33.333
3277,1965.833,0,H,A,0,20.5
3277,1986.329,20.496,A,C,20.5,23.75
3277,1989.581,23.748,C,M,23.75,26.5
3277,1992.331,26.498,M,cens,26.5,32.333
3279,1966.833,0,H,C,0,26.083
3279,1992.915,26.082,C,A,26.083,28.917
3279,1995.748,28.915,A,cens,28.917,31.583
3285,1950.162,0,H,A,0,18.417
3285,1968.582,18.42,A,M,18.417,22.417
3285,1972.582,22.42,M,K,22.417,27.333
3285,1977.496,27.334,K,cens,27.333,48.167
3287,1969.581,0,H,A,0,23.5
3287,1993.085,23.504,A,cens,23.5,28.75
3300,1961.496,0,H,C,0,23.583
3300,1985.085,23.589,C,M,23.583,24.25
3300,1985.748,24.252,M,K,24.25,27.667
3300,1989.162,27.666,K,cens,27.667,36.667
3305,1969.329,0,H,A,0,19.25
3305,1988.582,19.253,A,C,19.25,22.083
3305,1991.414,22.085,C,A,22.083,23.667
3305,1993,23.671,A,C,23.667,25.167
3305,1994.496,25.167,C,cens,25.167,29.083
3319,1969.748,0,H,C,0,24.25
3319,1994,24.252,C,cens,24.25,28.417
3370,1960.915,0,H,M,0,25.583
3370,1986.496,25.581,M,K,25.583,31.667
3370,1992.582,31.667,K,cens,31.667,37.333
3377,1974.833,0,H,A,0,18.917
3377,1993.748,18.915,A,cens,18.917,23.417
3381,1958.581,0,H,M,0,27.917
3381,1986.496,27.915,M,K,27.917,30.167
3381,1988.749,30.168,K,cens,30.167,39.75
3401,1956.497,0,H,A,0,17.917
3401,1974.414,17.916,A,M,17.917,22.583
3401,1979.085,22.588,M,K,22.583,27.25
3401,1983.748,27.251,K,cens,27.25,41.917
3422,1973.414,0,H,cens,0,24.833
3426,1952.915,0,H,M,0,18.917
3426,1971.833,18.918,M,K,18.917,19.333
3426,1972.249,19.333,K,cens,19.333,45.25
3438,1970,0,H,M,0,21.417
3438,1991.414,21.414,M,K,21.417,26
3438,1996,26,K,cens,26,28.333
3445,1947.414,0,H,M,0,21.25
3445,1968.667,21.253,M,K,21.25,24.5
3445,1971.915,24.501,K,cens,24.5,50.75
3448,1964.331,0,H,M,0,20.417
3448,1984.749,20.418,M,K,20.417,29.5
3448,1993.833,29.502,K,cens,29.5,33.833
3449,1960.164,0,H,M,0,22.583
3449,1982.748,22.584,M,K,22.583,30.333
3449,1990.496,30.332,K,cens,30.333,38.25
3454,1956.249,0,H,A,0,18.583
3454,1974.833,18.584,A,M,18.583,20.083
3454,1976.331,20.082,M,K,20.083,23.917
3454,1980.164,23.915,K,cens,23.917,42
3466,1973.496,0,H,A,0,18.167
3466,1991.666,18.17,A,C,18.167,23.083
3466,1996.582,23.086,C,cens,23.083,24.917
3475,1947.915,0,H,A,0,22
3475,1969.915,22,A,M,22,23.5
3475,1971.414,23.499,M,K,23.5,25.833
3475,1973.748,25.833,K,cens,25.833,50.25
3478,1964.164,0,H,A,0,23.583
3478,1987.748,23.584,A,C,23.583,27.25
3478,1991.414,27.25,C,A,27.25,31.667
3478,1995.833,31.669,A,C,31.667,33.25
3478,1997.414,33.25,C,cens,33.25,34.083
3481,1966.666,0,H,M,0,21.833
3481,1988.497,21.832,M,K,21.833,28.25
3481,1994.915,28.249,K,cens,28.25,31.667
3512,1964.249,0,H,A,0,19.167
3512,1983.414,19.165,A,C,19.167,23.167
3512,1987.414,23.165,C,A,23.167,28.167
3512,1992.415,28.167,A,C,28.167,30.25
3512,1994.496,30.247,C,M,30.25,31.667
3512,1995.915,31.666,M,cens,31.667,33.917
3523,1962.915,0,H,M,0,20.333
3523,1983.247,20.332,M,K,20.333,26.083
3523,1989,26.085,K,cens,26.083,35.333
3546,1955.414,0,H,M,0,19
3546,1974.414,19,M,K,19,19.417
3546,1974.833,19.419,K,cens,19.417,42.75
3577,1960,0,H,C,0,23
3577,1983,23,C,M,23,23.083
3577,1983.085,23.085,M,K,23.083,27.083
3577,1987.085,27.085,K,cens,27.083,38.333
3578,1954.496,0,H,M,0,17.667
3578,1972.164,17.668,M,K,17.667,26.167
3578,1980.667,26.171,K,cens,26.167,43.833
3593,1954.162,0,H,A,0,20.5
3593,1974.666,20.504,A,M,20.5,26.583
3593,1980.749,26.587,M,K,26.583,30.75
3593,1984.915,30.754,K,cens,30.75,44.25
3594,1964.582,0,H,C,0,18.833
3594,1983.414,18.832,C,M,18.833,26.833
3594,1991.414,26.832,M,K,26.833,27.083
3594,1991.666,27.084,K,cens,27.083,33.75
3598,1979.748,0,H,cens,0,18.417
3610,1950.581,0,H,A,0,17
3610,1967.581,17,A,M,17,23.75
3610,1974.329,23.748,M,K,23.75,27
3610,1977.581,27,K,cens,27,47.75
3613,1969.496,0,H,A,0,17.917
3613,1987.414,17.918,A,C,17.917,22.75
3613,1992.249,22.753,C,A,22.75,27.667
3613,1997.162,27.666,A,cens,27.667,28.667
3617,1959.496,0,H,C,0,27.667
3617,1987.162,27.666,C,M,27.667,33.083
3617,1992.582,33.086,M,K,33.083,33.333
3617,1992.833,33.337,K,cens,33.333,38.75
3644,1978.666,0,H,A,0,19.333
3644,1998,19.334,A,cens,19.333,19.667
3660,1947.162,0,H,M,0,18.667
3660,1965.833,18.671,M,K,18.667,20.167
3660,1967.329,20.167,K,cens,20.167,51.167
3663,1957.085,0,H,M,0,20.833
3663,1977.915,20.83,M,K,20.833,25.417
3663,1982.496,25.411,K,cens,25.417,41.25
3664,1945.247,0,H,M,0,20.583
3664,1965.833,20.586,M,cens,20.583,53.167
3676,1945.162,0,H,M,0,22.333
3676,1967.496,22.334,M,K,22.333,25.583
3676,1970.748,25.586,K,cens,25.583,53.167
3693,1958.162,0,H,M,0,18.25
3693,1976.415,18.254,M,K,18.25,28.833
3693,1987,28.838,K,cens,28.833,40.167
3695,1963.581,0,H,M,0,19.75
3695,1983.329,19.748,M,K,19.75,24.25
3695,1987.833,24.252,K,cens,24.25,34.833
3714,1967.496,0,H,A,0,24
3714,1991.496,24,A,C,24,26.833
3714,1994.329,26.833,C,M,26.833,29.083
3714,1996.582,29.086,M,K,29.083,30.5
3714,1998,30.504,K,cens,30.5,30.75
3722,1950.329,0,H,A,0,21.083
3722,1971.414,21.085,A,M,21.083,24.083
3722,1974.414,24.085,M,K,24.083,26.75
3722,1977.085,26.756,K,cens,26.75,48.167
3730,1961,0,H,M,0,29.667
3730,1990.666,29.666,M,cens,29.667,37.25
3731,1945.329,0,H,M,0,20.083
3731,1965.414,20.085,M,K,20.083,22.167
3731,1967.496,22.167,K,cens,22.167,53.167
3736,1972.497,0,H,C,0,23.667
3736,1996.164,23.667,C,M,23.667,25
3736,1997.496,24.999,M,K,25,25.417
3736,1997.915,25.418,K,cens,25.417,25.667
3741,1947.496,0,H,M,0,23.417
3741,1970.915,23.419,M,K,23.417,25.75
3741,1973.247,25.751,K,cens,25.75,50.917
3745,1977.085,0,H,cens,0,21.25
3753,1979.496,0,H,cens,0,18.667
3754,1965.915,0,H,M,0,23.667
3754,1989.581,23.666,M,K,23.667,28.25
3754,1994.162,28.247,K,cens,28.25,32.25
3769,1956,0,H,A,0,19.583
3769,1975.581,19.581,A,M,19.583,20.417
3769,1976.415,20.415,M,K,20.417,23
3769,1979,23,K,cens,23,42.417
3778,1953.496,0,H,A,0,18.167
3778,1971.666,18.17,A,M,18.167,23.583
3778,1977.085,23.589,M,K,23.583,29.583
3778,1983.085,29.589,K,cens,29.583,44.917
3833,1957.748,0,H,C,0,19.917
3833,1977.666,19.918,C,A,19.917,21.667
3833,1979.414,21.666,A,C,21.667,22.917
3833,1980.667,22.919,C,M,22.917,25.083
3833,1982.833,25.085,M,K,25.083,28.25
3833,1986,28.252,K,cens,28.25,40.583
3841,1954.085,0,H,A,0,28.833
3841,1982.915,28.83,A,C,28.833,34.25
3841,1988.331,34.246,C,cens,34.25,44.25
3869,1965.915,0,H,A,0,20.75
3869,1986.666,20.751,A,C,20.75,21.75
3869,1987.666,21.751,C,A,21.75,23.5
3869,1989.414,23.499,A,C,23.5,25.25
3869,1991.162,25.247,C,M,25.25,25.5
3869,1991.414,25.499,M,K,25.5,25.667
3869,1991.581,25.666,K,cens,25.667,32.333
3885,1970.833,0,H,A,0,20.417
3885,1991.247,20.414,A,cens,20.417,27.583
3889,1965.329,0,H,M,0,23.333
3889,1988.667,23.338,M,K,23.333,26.417
3889,1991.748,26.419,K,cens,26.417,33.083
3907,1950.666,0,H,A,0,21
3907,1971.666,21,A,M,21,22.25
3907,1972.915,22.25,M,K,22.25,23
3907,1973.666,23,K,cens,23,47.583
3926,1975,0,H,A,0,22.333
3926,1997.329,22.329,A,cens,22.333,23.417
4005,1979.085,0,H,cens,0,19.333
4007,1957.329,0,H,C,0,20.833
4007,1978.162,20.833,C,A,20.833,25
4007,1982.329,25,A,K,25,33.75
4007,1991.085,33.756,K,cens,33.75,41
4017,1961.915,0,H,C,0,31.5
4017,1993.414,31.499,C,M,31.5,33.083
4017,1995,33.085,M,K,33.083,34.5
4017,1996.415,34.5,K,cens,34.5,36.5
4019,1964.415,0,H,C,0,24
4019,1988.415,24,C,M,24,29.917
4019,1994.329,29.913,M,A,29.917,30.25
4019,1994.666,30.25,A,cens,30.25,33.75
4030,1949.085,0,H,M,0,22.75
4030,1971.833,22.748,M,K,22.75,24.083
4030,1973.162,24.077,K,cens,24.083,49.167
4032,1971.581,0,H,C,0,25.917
4032,1997.496,25.915,C,cens,25.917,26.583
4047,1953.414,0,H,M,0,23.25
4047,1976.667,23.253,M,cens,23.25,44.833
4049,1971.162,0,H,cens,0,27.083
4062,1961.748,0,H,M,0,20.417
4062,1982.162,20.414,M,A,20.417,22.417
4062,1984.164,22.416,A,C,22.417,24.917
4062,1986.666,24.918,C,M,24.917,27.917
4062,1989.666,27.918,M,K,27.917,28.667
4062,1990.414,28.666,K,cens,28.667,36.583
4076,1958.247,0,H,M,0,21
4076,1979.247,21,M,K,21,26
4076,1984.249,26.002,K,cens,26,39.917
4083,1961.666,0,H,C,0,19.083
4083,1980.749,19.083,C,K,19.083,20.667
4083,1982.329,20.663,K,cens,20.667,36.583
4107,1973.748,0,H,C,0,23.167
4107,1996.915,23.167,C,cens,23.167,24.583
4111,1952,0,H,A,0,18.667
4111,1970.666,18.666,A,C,18.667,22.417
4111,1974.414,22.414,C,A,22.417,24.417
4111,1976.415,24.415,A,C,24.417,26.417
4111,1978.414,26.414,C,M,26.417,35.167
4111,1987.162,35.162,M,A,35.167,41.917
4111,1993.915,41.915,A,cens,41.917,46.333
4114,1958.915,0,H,C,0,23.667
4114,1982.581,23.666,C,cens,23.667,39.333
4120,1979.666,0,H,cens,0,18.667
4133,1957.162,0,H,A,0,18
4133,1975.162,18,A,M,18,22.75
4133,1979.915,22.753,M,K,22.75,27
4133,1984.164,27.002,K,cens,27,41.167
4141,1950.414,0,H,M,0,21.833
4141,1972.249,21.835,M,K,21.833,24.583
4141,1975,24.586,K,cens,24.583,47.75
4142,1964.749,0,H,C,0,19.667
4142,1984.415,19.667,C,M,19.667,21.5
4142,1986.247,21.498,M,K,21.5,22.167
4142,1986.915,22.166,K,cens,22.167,33.417
4152,1957.085,0,H,A,0,18.5
4152,1975.581,18.496,A,C,18.5,19.333
4152,1976.415,19.33,C,M,19.333,29.167
4152,1986.247,29.162,M,K,29.167,31
4152,1988.085,31,K,cens,31,41.25
4171,1965.085,0,H,A,0,25
4171,1990.085,25,A,cens,25,33.333
4172,1978.748,0,H,cens,0,19.5
4174,1955.414,0,H,M,0,22.333
4174,1977.748,22.334,M,K,22.333,25.417
4174,1980.833,25.42,K,cens,25.417,42.833
4184,1969.581,0,H,C,0,22
4184,1991.581,22,C,A,22,23
4184,1992.582,23.001,A,C,23,25.083
4184,1994.666,25.085,C,cens,25.083,28.75
4196,1949,0,H,M,0,23.583
4196,1972.582,23.582,M,K,23.583,26.25
4196,1975.247,26.247,K,cens,26.25,49.25
4204,1961.414,0,H,M,0,22.583
4204,1984,22.586,M,cens,22.583,36.833
4248,1967.085,0,H,C,0,18.333
4248,1985.414,18.329,C,M,18.333,19.167
4248,1986.247,19.162,M,A,19.167,26.25
4248,1993.329,26.244,A,C,26.25,27.833
4248,1994.915,27.83,C,cens,27.833,31.333
4283,1973,0,H,C,0,22.583
4283,1995.581,22.581,C,M,22.583,24.417
4283,1997.414,24.414,M,cens,24.417,25.167
4307,1963.915,0,H,C,0,19
4307,1982.915,19,C,C,19,22.917
4307,1986.833,22.918,C,M,22.917,25.667
4307,1989.581,25.666,M,cens,25.667,34.333
4312,1970.915,0,H,A,0,18.75
4312,1989.666,18.751,A,C,18.75,21.5
4312,1992.415,21.5,C,M,21.5,26.833
4312,1997.748,26.833,M,cens,26.833,27.417
4327,1976.164,0,H,C,0,21.417
4327,1997.581,21.417,C,cens,21.417,22.167
4330,1951.414,0,H,M,0,20.333
4330,1971.748,20.334,M,K,20.333,21.333
4330,1972.749,21.335,K,cens,21.333,47.167
4337,1949.915,0,H,A,0,37.667
4337,1987.581,37.666,A,cens,37.667,48.333
4340,1965.666,0,H,A,0,19
4340,1984.667,19.001,A,cens,19,32.5
4348,1972.833,0,H,A,0,17.583
4348,1990.414,17.58,A,C,17.583,21.333
4348,1994.162,21.328,C,M,21.333,24.667
4348,1997.496,24.663,M,cens,24.667,25.5
4361,1963.666,0,H,A,0,20.917
4361,1984.582,20.916,A,C,20.917,24.583
4361,1988.249,24.583,C,M,24.583,27.75
4361,1991.414,27.748,M,K,27.75,29.75
4361,1993.414,29.748,K,cens,29.75,34.583
4369,1968.915,0,H,M,0,24.583
4369,1993.496,24.581,M,K,24.583,28.833
4369,1997.748,28.833,K,cens,28.833,29.333
4385,1947.085,0,H,M,0,20.333
4385,1967.414,20.329,M,K,20.333,20.75
4385,1967.833,20.748,K,cens,20.75,51.167
4396,1969.748,0,H,M,0,21.417
4396,1991.162,21.414,M,cens,21.417,28.5
4398,1963.247,0,H,A,0,18.167
4398,1981.414,18.167,A,M,18.167,22.833
4398,1986.085,22.838,M,K,22.833,26
4398,1989.247,26,K,cens,26,35
4399,1952.833,0,H,A,0,20.333
4399,1973.162,20.328,A,C,20.333,22.583
4399,1975.414,22.58,C,M,22.583,24
4399,1976.833,24,M,K,24,25.167
4399,1978,25.167,K,cens,25.167,45.583
4417,1972.915,0,H,cens,0,25.25
4445,1946.247,0,H,M,0,25
4445,1971.247,25,M,K,25,25.5
4445,1971.748,25.501,K,cens,25.5,52.167
4449,1969.666,0,H,C,0,23.333
4449,1993,23.334,C,M,23.333,26
4449,1995.666,26,M,K,26,26.75
4449,1996.415,26.75,K,cens,26.75,28.583
4451,1956.415,0,H,A,0,18.25
4451,1974.666,18.25,A,C,18.25,20
4451,1976.415,20,C,M,20,34.667
4451,1991.085,34.67,M,A,34.667,38.5
4451,1994.915,38.5,A,cens,38.5,42
4491,1953.162,0,H,M,0,19.75
4491,1972.915,19.754,M,K,19.75,22.667
4491,1975.833,22.671,K,cens,22.667,45.25
4507,1958.162,0,H,C,0,21.083
4507,1979.247,21.085,C,M,21.083,23.667
4507,1981.833,23.671,M,K,23.667,26.417
4507,1984.582,26.42,K,cens,26.417,40.167
4527,1948.331,0,H,M,0,21
4527,1969.329,20.998,M,K,21,24.167
4527,1972.497,24.167,K,cens,24.167,49.833
4539,1961.833,0,H,A,0,18.417
4539,1980.249,18.416,A,M,18.417,20.5
4539,1982.329,20.496,M,K,20.5,22.167
4539,1984,22.167,K,cens,22.167,36.417
4557,1961.581,0,H,M,0,26.25
4557,1987.833,26.252,M,K,26.25,28.583
4557,1990.162,28.581,K,cens,28.583,36.75
4562,1977.162,0,H,A,0,20.5
4562,1997.666,20.504,A,cens,20.5,21.083
4584,1971.833,0,H,M,0,25.417
4584,1997.247,25.414,M,cens,25.417,26.417
4587,1960.497,0,H,C,0,30.417
4587,1990.915,30.418,C,M,30.417,30.833
4587,1991.329,30.831,M,K,30.833,36.25
4587,1996.749,36.251,K,cens,36.25,37.917
4590,1947.247,0,H,A,0,20.417
4590,1967.666,20.419,A,M,20.417,21.417
4590,1968.667,21.42,M,K,21.417,25.667
4590,1972.915,25.669,K,cens,25.667,51.167
4608,1963.496,0,H,C,0,30.75
4608,1994.247,30.751,C,M,30.75,30.917
4608,1994.414,30.918,M,K,30.917,31.917
4608,1995.414,31.918,K,cens,31.917,34.75
4619,1945.666,0,H,M,0,20.083
4619,1965.748,20.082,M,K,20.083,20.5
4619,1966.162,20.496,K,cens,20.5,52.667
4625,1969.833,0,H,A,0,18.583
4625,1988.415,18.582,A,M,18.583,22.5
4625,1992.331,22.498,M,K,22.5,23.583
4625,1993.414,23.581,K,cens,23.583,28.5
4631,1971.915,0,H,K,0,20.75
4631,1992.667,20.752,K,cens,20.75,26.25
4678,1977.414,0,H,cens,0,21
4687,1959.915,0,H,A,0,20.5
4687,1980.415,20.5,A,C,20.5,23.5
4687,1983.414,23.499,C,M,23.5,30.25
4687,1990.162,30.247,M,K,30.25,30.667
4687,1990.581,30.666,K,cens,30.667,38.333
4698,1947.833,0,H,M,0,23.917
4698,1971.748,23.915,M,K,23.917,24.75
4698,1972.582,24.749,K,cens,24.75,50.583
4703,1951.581,0,H,A,0,18.583
4703,1970.162,18.581,A,M,18.583,22.167
4703,1973.748,22.167,M,K,22.167,31.167
4703,1982.748,31.167,K,cens,31.167,46.75
4719,1965.915,0,H,A,0,18.083
4719,1984,18.085,A,C,18.083,18.75
4719,1984.667,18.752,C,M,18.75,19.667
4719,1985.581,19.666,M,K,19.667,21.083
4719,1987,21.085,K,cens,21.083,32.417
4737,1963.247,0,H,C,0,18.25
4737,1981.496,18.249,C,M,18.25,29.167
4737,1992.415,29.169,M,K,29.167,29.917
4737,1993.162,29.915,K,cens,29.917,35.083
4752,1951.162,0,H,A,0,17.417
4752,1968.582,17.42,A,C,17.417,42.417
4752,1993.581,42.419,C,cens,42.417,47.25
4755,1947.581,0,H,M,0,17.5
4755,1965.085,17.504,M,K,17.5,18.333
4755,1965.915,18.334,K,cens,18.333,50.583
4756,1968.331,0,H,A,0,20.25
4756,1988.582,20.251,A,C,20.25,21.917
4756,1990.247,21.916,C,M,21.917,25
4756,1993.329,24.998,M,cens,25,30.083
4760,1974.581,0,H,A,0,18
4760,1992.582,18.001,A,cens,18,23.667
4768,1973.085,0,H,C,0,21.75
4768,1994.833,21.748,C,cens,21.75,25.167
4773,1959.748,0,H,C,0,22.083
4773,1981.833,22.085,C,M,22.083,23.667
4773,1983.414,23.666,M,K,23.667,25.417
4773,1985.162,25.414,K,cens,25.417,38.417
4790,1953.833,0,H,M,0,19
4790,1972.833,19,M,K,19,20.333
4790,1974.162,20.329,K,cens,20.333,44.583
4791,1973.496,0,H,M,0,20.583
4791,1994.085,20.589,M,cens,20.583,24.833
4801,1945.085,0,H,M,0,24.833
4801,1969.915,24.83,M,K,24.833,27.167
4801,1972.249,27.164,K,cens,27.167,53.333
4812,1975,0,H,A,0,20.25
4812,1995.247,20.247,A,cens,20.25,23.167
4821,1951.329,0,H,M,0,20.083
4821,1971.414,20.085,M,K,20.083,20.583
4821,1971.915,20.586,K,cens,20.583,47.167
4827,1958.085,0,H,M,0,18.667
4827,1976.749,18.664,M,K,18.667,19.083
4827,1977.162,19.077,K,cens,19.083,40.333
4834,1948.749,0,H,M,0,24.833
4834,1973.581,24.832,M,K,24.833,27.083
4834,1975.833,27.084,K,cens,27.083,49.5
4840,1961.496,0,H,A,0,18.167
4840,1979.666,18.17,A,M,18.167,22.667
4840,1984.164,22.668,M,K,22.667,29.083
4840,1990.581,29.085,K,cens,29.083,36.667
4848,1954,0,H,M,0,19.167
4848,1973.162,19.162,M,A,19.167,20.583
4848,1974.581,20.581,A,C,20.583,20.667
4848,1974.666,20.666,C,M,20.667,21.5
4848,1975.496,21.496,M,A,21.5,22.917
4848,1976.915,22.915,A,C,22.917,24.25
4848,1978.247,24.247,C,A,24.25,28.75
4848,1982.748,28.748,A,M,28.75,35.417
4848,1989.414,35.414,M,K,35.417,35.667
4848,1989.666,35.666,K,cens,35.667,44.333
4851,1947.581,0,H,M,0,17.833
4851,1965.414,17.833,M,K,17.833,18.25
4851,1965.833,18.252,K,cens,18.25,50.667
4852,1946.414,0,H,A,0,16.75
4852,1963.162,16.748,A,M,16.75,25.917
4852,1972.331,25.917,M,K,25.917,26.583
4852,1973,26.586,K,cens,26.583,51.917
4862,1954.666,0,H,C,0,21.333
4862,1976,21.334,C,M,21.333,21.667
4862,1976.331,21.665,M,K,21.667,24.083
4862,1978.748,24.082,K,cens,24.083,43.583
4867,1961.329,0,H,M,0,19.583
4867,1980.915,19.587,M,K,19.583,20.833
4867,1982.162,20.833,K,cens,20.833,36.917
4873,1960.164,0,H,M,0,21.667
4873,1981.833,21.669,M,K,21.667,29.667
4873,1989.833,29.669,K,cens,29.667,38
4884,1978.833,0,H,cens,0,19.583
4891,1957.833,0,H,M,0,22.083
4891,1979.915,22.082,M,K,22.083,31.417
4891,1989.247,31.414,K,cens,31.417,40.417
4902,1953.666,0,H,A,0,18.833
4902,1972.497,18.832,A,M,18.833,24.25
4902,1977.915,24.249,M,K,24.25,25.5
4902,1979.162,25.496,K,cens,25.5,44.75
4922,1955.666,0,H,A,0,12
4922,1967.666,12,A,M,12,20
4922,1975.666,20,M,K,20,21.667
4922,1977.329,21.663,K,cens,21.667,42.5
4926,1969.915,0,H,A,0,17.667
4926,1987.581,17.666,A,cens,17.667,28.5
4938,1955.915,0,H,M,0,29.667
4938,1985.581,29.666,M,K,29.667,30.5
4938,1986.414,30.499,K,cens,30.5,42.25
4960,1951.247,0,H,M,0,19.083
4960,1970.329,19.082,M,K,19.083,19.583
4960,1970.833,19.586,K,cens,19.583,47.167
4964,1979.414,0,H,cens,0,18.75
4975,1958.085,0,H,A,0,16.333
4975,1974.414,16.329,A,C,16.333,17.583
4975,1975.666,17.581,C,M,17.583,19.333
4975,1977.414,19.329,M,K,19.333,22.667
4975,1980.749,22.664,K,cens,22.667,40.083
4977,1966.247,0,H,A,0,19.167
4977,1985.414,19.167,A,C,19.167,21.75
4977,1988,21.753,C,M,21.75,25.333
4977,1991.581,25.334,M,K,25.333,28.333
4977,1994.581,28.334,K,cens,28.333,32
5002,1974,0,H,A,0,23.583
5002,1997.581,23.581,A,C,23.583,23.917
5002,1997.915,23.915,C,cens,23.917,24.417
5016,1972.415,0,H,cens,0,26
5036,1945.247,0,H,A,0,17.083
5036,1962.329,17.082,A,M,17.083,22.167
5036,1967.414,22.167,M,K,22.167,23.583
5036,1968.833,23.587,K,cens,23.583,53.167
5040,1975.329,0,H,A,0,19.417
5040,1994.748,19.419,A,cens,19.417,23
5049,1971.666,0,H,A,0,20.25
5049,1991.915,20.249,A,C,20.25,21.667
5049,1993.329,21.663,C,K,21.667,26.333
5049,1998,26.334,K,cens,26.333,26.583
5052,1955.915,0,H,A,0,19
5052,1974.915,19,A,C,19,20.167
5052,1976.085,20.17,C,M,20.167,23.417
5052,1979.329,23.414,M,K,23.417,26.667
5052,1982.581,26.666,K,cens,26.667,42.333
5061,1958.162,0,H,A,0,22.417
5061,1980.582,22.42,A,C,22.417,24.417
5061,1982.581,24.419,C,M,24.417,29.25
5061,1987.414,29.252,M,K,29.25,29.75
5061,1987.915,29.753,K,cens,29.75,40.25
5082,1946.247,0,H,M,0,18.917
5082,1965.162,18.915,M,K,18.917,19.417
5082,1965.666,19.419,K,cens,19.417,52.167
5098,1977.748,0,H,A,0,18.083
5098,1995.833,18.085,A,cens,18.083,20.417
5100,1973.329,0,H,A,0,19.167
5100,1992.497,19.169,A,cens,19.167,24.833
5108,1961.329,0,H,C,0,19.333
5108,1980.667,19.338,C,A,19.333,20.333
5108,1981.666,20.337,A,C,20.333,22.333
5108,1983.666,22.337,C,M,22.333,23
5108,1984.331,23.002,M,K,23,23.833
5108,1985.162,23.833,K,cens,23.833,37
5113,1958.581,0,H,A,0,17.917
5113,1976.497,17.916,A,C,17.917,18.083
5113,1976.667,18.086,C,A,18.083,18.25
5113,1976.833,18.253,A,C,18.25,21.75
5113,1980.331,21.75,C,M,21.75,27.25
5113,1985.833,27.252,M,K,27.25,27.917
5113,1986.496,27.915,K,cens,27.917,39.833
5114,1951.581,0,H,M,0,21.25
5114,1972.833,21.253,M,K,21.25,23.5
5114,1975.085,23.504,K,cens,23.5,46.667
5129,1947.915,0,H,M,0,19.917
5129,1967.833,19.918,M,K,19.917,22.083
5129,1970,22.085,K,cens,22.083,50.333
5133,1975.833,0,H,C,0,20.917
5133,1996.749,20.916,C,cens,20.917,22.417
5144,1964.749,0,H,A,0,17.833
5144,1982.581,17.832,A,C,17.833,27.917
5144,1992.667,27.918,C,M,27.917,30.667
5144,1995.414,30.665,M,K,30.667,31.75
5144,1996.497,31.749,K,cens,31.75,33.417
5172,1947.085,0,H,A,0,17.5
5172,1964.582,17.497,A,M,17.5,29.583
5172,1976.667,29.582,M,K,29.583,30.333
5172,1977.414,30.329,K,cens,30.333,51.167
5185,1957.581,0,H,A,0,19.083
5185,1976.667,19.086,A,C,19.083,21.833
5185,1979.414,21.833,C,A,21.833,27.833
5185,1985.414,27.833,A,C,27.833,39.333
5185,1996.915,39.334,C,cens,39.333,40.833
5191,1945,0,H,M,0,23.917
5191,1968.915,23.915,M,K,23.917,27.667
5191,1972.667,27.667,K,cens,27.667,53.333
5198,1973.329,0,H,cens,0,24.917
5201,1954.247,0,H,A,0,18.167
5201,1972.415,18.169,A,C,18.167,21.417
5201,1975.666,21.419,C,M,21.417,23.583
5201,1977.833,23.586,M,K,23.583,32
5201,1986.247,32,K,cens,32,44.167
5212,1960.085,0,H,A,0,18.667
5212,1978.748,18.663,A,C,18.667,20.417
5212,1980.497,20.413,C,M,20.417,26.167
5212,1986.247,26.162,M,K,26.167,27.75
5212,1987.833,27.748,K,cens,27.75,38.333
5226,1946.496,0,H,A,0,17.917
5226,1964.415,17.919,A,M,17.917,22.917
5226,1969.414,22.918,M,K,22.917,23.5
5226,1970,23.504,K,cens,23.5,51.75
5242,1975.414,0,H,M,0,20.083
5242,1995.496,20.082,M,cens,20.083,22.917
5263,1953.748,0,H,A,0,17.917
5263,1971.666,17.918,A,C,17.917,18.833
5263,1972.582,18.834,C,K,18.833,19.833
5263,1973.581,19.833,K,cens,19.833,44.667
5267,1966.329,0,H,C,0,24.417
5267,1990.748,24.419,C,M,24.417,25.917
5267,1992.249,25.92,M,cens,25.917,31.917
5283,1971.329,0,H,A,0,21.667
5283,1993,21.671,A,C,21.667,23.917
5283,1995.247,23.918,C,cens,23.917,26.917
5287,1946.581,0,H,M,0,19.167
5287,1965.748,19.167,M,K,19.167,19.667
5287,1966.247,19.666,K,cens,19.667,51.833
5294,1946.748,0,H,M,0,22.5
5294,1969.247,22.499,M,K,22.5,23.833
5294,1970.581,23.833,K,cens,23.833,51.417
5303,1976.415,0,H,A,0,18.25
5303,1994.666,18.25,A,cens,18.25,21.75
5313,1963.915,0,H,C,0,18.5
5313,1982.414,18.499,C,M,18.5,21.167
5313,1985.085,21.17,M,K,21.167,27.417
5313,1991.329,27.414,K,cens,27.417,34.333
5320,1973,0,H,A,0,18.667
5320,1991.666,18.666,A,cens,18.667,25.167
5343,1979.666,0,H,A,0,18
5343,1997.666,18,A,cens,18,18.5
5358,1949.247,0,H,M,0,20.25
5358,1969.496,20.249,M,K,20.25,24.083
5358,1973.329,24.082,K,cens,24.083,49.167
5359,1954.496,0,H,M,0,22.583
5359,1977.085,22.589,M,K,22.583,24
5359,1978.496,24,K,cens,24,43.667
5361,1956.915,0,H,A,0,16.833
5361,1973.748,16.833,A,C,16.833,18
5361,1974.915,18,C,M,18,19.917
5361,1976.833,19.918,M,K,19.917,22.75
5361,1979.666,22.75,K,cens,22.75,41.25
5365,1979.496,0,H,A,0,18.167
5365,1997.666,18.17,A,cens,18.167,18.833
5368,1960.915,0,H,M,0,22.25
5368,1983.162,22.246,M,K,22.25,28.167
5368,1989.085,28.17,K,cens,28.167,37.417
5374,1948.915,0,H,M,0,19.75
5374,1968.667,19.751,M,K,19.75,20.75
5374,1969.666,20.75,K,cens,20.75,49.333
5377,1963.915,0,H,A,0,17.5
5377,1981.414,17.499,A,K,17.5,20.25
5377,1984.164,20.249,K,cens,20.25,34.25
5379,1977.833,0,H,A,0,18.833
5379,1996.667,18.834,A,cens,18.833,20.583
5384,1973.329,0,H,A,0,20.333
5384,1993.666,20.337,A,C,20.333,24.083
5384,1997.414,24.085,C,cens,24.083,24.917
5396,1965.162,0,H,A,0,20.417
5396,1985.581,20.419,A,C,20.417,24.25
5396,1989.414,24.252,C,M,24.25,26.167
5396,1991.329,26.167,M,A,26.167,29
5396,1994.162,29,A,cens,29,33.083
5399,1965.748,0,H,A,0,18.917
5399,1984.667,18.919,A,C,18.917,19.917
5399,1985.666,19.918,C,M,19.917,27.583
5399,1993.329,27.581,M,K,27.583,28.167
5399,1993.915,28.167,K,cens,28.167,32.583
5407,1961.666,0,H,M,0,19.833
5407,1981.496,19.83,M,K,19.833,24.833
5407,1986.496,24.83,K,cens,24.833,36.583
5408,1963.496,0,H,A,0,23.083
5408,1986.581,23.085,A,M,23.083,26.667
5408,1990.162,26.666,M,K,26.667,28.333
5408,1991.833,28.337,K,cens,28.333,34.667
5417,1949,0,H,M,0,18.75
5417,1967.748,18.748,M,K,18.75,19.167
5417,1968.164,19.164,K,cens,19.167,49.417
5429,1974.581,0,H,A,0,23.5
5429,1998.085,23.504,A,cens,23.5,23.583
5432,1949,0,H,A,0,20
5432,1969,20,A,M,20,22.917
5432,1971.915,22.915,M,K,22.917,24.667
5432,1973.666,24.666,K,cens,24.667,49.417
5433,1966,0,H,A,0,18.583
5433,1984.582,18.582,A,C,18.583,31.333
5433,1997.329,31.329,C,cens,31.333,32.333
5435,1945,0,H,K,0,22.75
5435,1967.748,22.748,K,cens,22.75,53.167
